Address ,Customer id,Email,Gender,Mobile no,Name
48 Bayside Place,1,hmartyn0@java.com,Male,1-(214)361-8828,Hillier
657 Fair Oaks Point,2,vmaslen1@seesaa.net,Male,56-(127)118-7106,Verge
7 Manley Alley,3,lrickaert2@homestead.com,Female,230-(577)123-6059,Lissy
79095 Hansons Terrace,4,bcattemull3@nhs.uk,Male,380-(589)577-6902,Brice
94 Bluestem Drive,5,dlaverick4@who.int,Male,62-(671)625-0631,Dwight
57 Anniversary Place,6,bbim5@unblog.fr,Female,84-(345)119-7181,Blanca
7 Oak Avenue,7,cdenisovo6@deliciousdays.com,Female,420-(621)342-2254,Ceciley
32 Pierstorff Plaza,8,rlamp7@1und1.de,Male,382-(286)797-3712,Rice
19 Hudson Place,9,dgirardey8@youtube.com,Female,95-(250)668-9500,Dolley
201 Hermina Center,10,ccoppard9@hao123.com,Female,81-(318)808-6977,Carlen
2 Laurel Trail,11,cgotecliffea@zimbio.com,Female,53-(630)619-6184,Clea
5757 Pennsylvania Crossing,12,tskiggsb@desdev.cn,Male,62-(594)135-0755,Taylor
56 Anzinger Point,13,jmoohanc@blinklist.com,Male,33-(426)818-7081,Jarrett
128 Ludington Trail,14,gminguetd@odnoklassniki.ru,Male,262-(846)141-6820,Gerrie
40519 Evergreen Road,15,dchadde@wisc.edu,Male,86-(269)583-5655,Demott
4122 Cardinal Point,16,tlindermannf@reddit.com,Male,86-(208)934-9060,Tommie
83 Talisman Crossing,17,yredhouseg@java.com,Male,966-(684)305-6825,Yves
9555 Caliangt Parkway,18,rchurchh@acquirethisname.com,Female,380-(216)511-1344,Rivy
08 Moland Point,19,cgrealyi@cyberchimps.com,Male,380-(708)210-7507,Conn
5301 Fairview Road,20,imaccombej@studiopress.com,Female,62-(641)175-6152,Irina
101 Old Gate Avenue,21,wmcgeechank@apache.org,Male,251-(546)602-4711,Waring
8460 Kennedy Drive,22,rburnandl@shop-pro.jp,Male,86-(268)120-9396,Renaud
2587 Corry Drive,23,ejedrachowiczm@google.ru,Female,62-(565)486-8874,Erma
94577 Bowman Lane,24,ebertholinn@webnode.com,Male,86-(819)245-8641,Edd
9 Anderson Crossing,25,tcalderonelloo@zdnet.com,Female,242-(837)769-5383,Tilda
40 Grasskamp Drive,26,jaaronsohnp@issuu.com,Female,86-(691)654-5679,Jessie
3 Thackeray Alley,27,gpreuvostq@ask.com,Female,380-(529)621-5121,Giacinta
82858 Kipling Crossing,28,emawdittr@bloomberg.com,Male,86-(868)277-8002,Erie
98123 Welch Circle,29,rottiwills@hao123.com,Female,62-(921)312-4645,Robinetta
6 Anzinger Park,30,jduestert@twitter.com,Male,62-(934)447-8556,Jonathan
93406 Lakewood Gardens Parkway,31,mlindblomu@cnn.com,Male,381-(190)404-9777,Mord
661 Village Road,32,ttinanv@un.org,Female,62-(529)385-3526,Tobi
8058 2nd Park,33,abunchw@cisco.com,Female,86-(122)782-0037,Alina
98 West Way,34,fswinburnx@quantcast.com,Male,55-(704)300-6655,Fleming
93 Sunbrook Avenue,35,mspally@cnbc.com,Female,509-(340)242-5277,Madelena
05503 Dawn Terrace,36,nloundsz@weather.com,Female,1-(812)525-7069,Nikoletta
5391 Bunting Alley,37,zsansam10@reuters.com,Male,62-(191)939-6705,Zachery
15 Oriole Terrace,38,gperford11@dropbox.com,Female,27-(146)648-1078,Gay
04177 Morningstar Avenue,39,jroskams12@un.org,Female,86-(890)472-9769,Jaynell
2 Continental Park,40,amettericke13@nsw.gov.au,Female,54-(753)150-3161,Agata
6380 Morningstar Lane,41,mwilman14@squidoo.com,Female,55-(552)747-8756,Maddy
712 Bay Parkway,42,acaine15@paginegialle.it,Male,351-(768)178-4368,Ari
92991 Spenser Crossing,43,qavon16@google.fr,Male,52-(848)712-4665,Quent
719 Dexter Court,44,nanthona17@google.co.uk,Female,234-(771)879-5104,Norina
93863 Green Avenue,45,habrahim18@addtoany.com,Male,1-(314)918-2982,Hugibert
391 Chive Terrace,46,zreinbech19@msu.edu,Male,62-(674)266-5567,Zak
205 Delaware Center,47,rbowskill1a@msu.edu,Male,86-(827)125-1319,Reagan
51205 Tennessee Point,48,lmalpass1b@geocities.jp,Female,52-(360)965-0955,Leeann
68 Golf Course Park,49,vturpey1c@amazon.com,Female,51-(508)503-1804,Viva
4 Fallview Hill,50,bboyfield1d@meetup.com,Male,51-(251)272-1929,Bernardo
