Address,Email,Employee id,Gender,Mobile no,Name
5 Buhler Center,pbransom0@economist.com,1,Male,86-(772)770-4987,Peirce
674 Chive Trail,dchurchward1@va.gov,2,Male,55-(593)688-4920,Dolf
9 Hermina Way,dgalland2@redcross.org,3,Female,62-(665)930-7060,Donelle
8 Mifflin Center,lolden3@economist.com,4,Female,507-(986)215-4892,Lynett
0136 Old Gate Terrace,agringley4@dropbox.com,5,Male,55-(168)542-6266,Alasdair
04 Pankratz Way,ccrumb5@vkontakte.ru,6,Female,86-(433)260-3085,Cathrine
8577 Declaration Crossing,vtombling6@geocities.jp,7,Male,81-(710)559-5603,Vito
4 Springview Street,melger7@godaddy.com,8,Male,249-(138)279-5261,Mateo
0 Walton Junction,ctarte8@dailymotion.com,9,Male,86-(406)233-9354,Corny
99576 Center Circle,lstoakley9@google.com.hk,10,Male,62-(266)832-0346,Linoel
02 Riverside Terrace,mhemblinga@a8.net,11,Male,55-(427)473-6251,Mack
51307 Heath Place,sboutwellb@prnewswire.com,12,Male,66-(528)620-3655,Saunderson
86290 Pierstorff Center,mangearc@zdnet.com,13,Male,1-(882)449-4260,Moe
536 Myrtle Crossing,ecasarinid@ed.gov,14,Male,7-(363)167-0615,Emanuele
4 Summerview Park,slenourye@artisteer.com,15,Female,86-(932)149-9416,Simonette
97 Autumn Leaf Lane,espikinsf@4shared.com,16,Female,351-(307)135-9875,Electra
7205 Annamark Parkway,rhardwellg@wordpress.com,17,Female,998-(330)614-0820,Rina
0 Ridgeway Park,ejakoviljevich@quantcast.com,18,Male,249-(446)245-1131,Ellis
020 Petterle Way,jmessitti@va.gov,19,Female,46-(274)322-9337,Josee
589 Ridgeway Terrace,jmarjoramj@ameblo.jp,20,Male,7-(301)990-4603,Jamesy
03 Hayes Road,mcarvillek@uiuc.edu,21,Female,54-(934)238-7622,Maude
55 Randy Park,bbeetlesl@cam.ac.uk,22,Male,55-(855)779-6837,Bail
15970 Paget Park,grecherm@hao123.com,23,Male,1-(722)593-1291,Gradey
00259 Lindbergh Court,laldrenn@irs.gov,24,Female,62-(156)170-7015,Lucienne
0 Armistice Avenue,lolennachaino@google.ru,25,Female,33-(143)252-9272,Lizzie
360 Schlimgen Lane,esmythp@biglobe.ne.jp,26,Female,33-(671)205-9930,Etti
90362 Northview Drive,balfwyq@psu.edu,27,Female,63-(225)200-4193,Barb
55 Acker Plaza,alippir@alexa.com,28,Male,62-(538)282-5533,Ange
33664 Pleasure Crossing,jruddys@upenn.edu,29,Male,7-(634)283-3046,Jamal
96179 Glendale Plaza,bchildt@narod.ru,30,Female,86-(268)357-3541,Bethena
9346 Clove Junction,hhammu@soup.io,31,Female,48-(920)601-9169,Hanny
3 Hollow Ridge Alley,lgraceyv@hp.com,32,Female,7-(603)119-5005,Luelle
892 Jenifer Lane,bcristoforw@networksolutions.com,33,Male,86-(386)170-8597,Benyamin
9 Almo Circle,hjersonx@sogou.com,34,Female,7-(572)963-1739,Helge
861 Debs Trail,lwingatty@is.gd,35,Male,86-(213)289-8461,Lin
81176 Village Way,lmechemz@google.cn,36,Female,86-(232)702-8147,Lurette
00 Gerald Park,emouser10@ox.ac.uk,37,Female,7-(398)956-5651,Emmalee
7727 Melvin Street,aschonfeld11@home.pl,38,Male,86-(787)695-5431,Any
68718 Elka Road,tportt12@globo.com,39,Male,66-(467)272-2040,Tudor
15586 Cardinal Circle,bfennessy13@timesonline.co.uk,40,Female,234-(456)841-3824,Brina
13 Petterle Road,kkyston14@ebay.com,41,Female,420-(775)780-6960,Kylila
3220 Cordelia Place,tgoodchild15@shutterfly.com,42,Male,381-(417)516-6492,Timmy
21 Hintze Drive,rlimerick16@bing.com,43,Male,593-(953)191-5419,Rog
7 Canary Street,gposvner17@issuu.com,44,Male,55-(398)561-7907,Gareth
7 Sutherland Lane,myitzovicz18@bloglines.com,45,Female,66-(722)740-2988,Monica
85997 Luster Hill,demtage19@addthis.com,46,Male,7-(859)210-3041,Drud
92668 Forest Terrace,cferrant1a@qq.com,47,Male,62-(189)389-5652,Christiano
14156 Boyd Circle,sraithby1b@foxnews.com,48,Male,351-(288)356-0462,Si
5016 Farwell Terrace,wtarzey1c@elpais.com,49,Male,256-(621)201-1774,Wallie
72 Farmco Alley,eswinerd1d@shinystat.com,50,Male,86-(491)307-8500,Ethan
